KIC,Period_days,Depth_ppm,Duration_hours,Epoch,SDE,kepid,label,koi_disposition,kepmag,teff,logg,radius
2987027,34.55347805,6502.434766,5,133.8251529,305.1733979,2987027,1,CONFIRMED,14.018,5085,4.498,0.822
9753528,33.48104235,1653.332894,5,145.887706,276.5535431,9753528,0,NONE,14.09,6106,4.414,1.032
3533508,42.69228305,1115.405848,5,158.2003288,212.2763702,3533508,0,NONE,13.705,5500,4.524,0.757
10089175,53.02037204,1366.216716,6,134.6993314,157.4551347,10089175,0,NONE,14.064,5700,4.349,1.1
6634112,39.77227687,8605.602642,5,163.6160972,132.4742775,6634112,1,CANDIDATE,14.099,5268,4.475,0.843
6026138,34.90630531,882.8427092,5,162.8044937,131.7543065,6026138,0,NONE,13.882,6180,4.399,1.056
5427752,48.47869156,799.7024959,6,170.5129712,91.45781019,5427752,0,NONE,14.023,5627,4.591,0.763
11446443,32.12061947,3373.068648,5,142.4557861,86.19263459,11446443,1,CONFIRMED,11.338,5850,4.455,0.95
10532112,43.84537417,525.0186024,5.5,130.9243478,82.39965702,10532112,0,NONE,13.424,5984,4.316,1.128
4245449,30.94084885,3676.977633,10,124.5395856,74.69819059,4245449,0,NONE,12.545,6052,4.001,1.554
5036291,30.1792851,847.708454,5,148.0329085,61.2919054,5036291,0,NONE,14.108,5588,4.2,1.279
11122894,37.46456146,1288.835924,5,162.4500314,45.77068965,11122894,1,CONFIRMED,14.232,6150,4.423,1.04
6508221,36.41495299,948.9902187,5,167.6377166,44.89049825,6508221,1,CONFIRMED,14.29,5262,4.598,0.761
8299361,32.1212611,556.9753036,5,144.7264996,32.72310852,8299361,0,NONE,12.454,6053,4.038,1.711
6584971,34.49082064,438.933358,5,150.3878785,25.94855671,6584971,0,NONE,13.866,5889,4.283,1.213
3847809,32.56682368,498.2006677,5,151.8251222,24.91405644,3847809,0,NONE,14.293,5814,4.368,1.014
6627290,35.01338021,443.9341709,5,145.4911972,21.76358474,6627290,0,NONE,13.189,5783,4.539,0.88
10848334,32.64286187,147.6627739,5,131.2267482,20.5257792,10848334,0,NONE,12.992,6052,4.159,1.297
7135676,37.19752664,366.3167771,5,154.4136872,17.47293042,7135676,0,NONE,12.053,5795,4.085,1.468
7761918,44.59781082,318.0145249,5,128.6221322,15.95684834,7761918,1,CONFIRMED,12.487,6277,4.349,1.13
4820550,67.37373067,489.5776776,5,157.2836774,15.85406815,4820550,1,CANDIDATE,13.922,5817,4.544,0.87
10877233,34.91620589,429.4351443,7,159.8450635,15.43086692,10877233,0,NONE,13.775,6297,4.448,1.031
5350800,82.02398367,344.3214561,10,185.6019124,14.27578942,5350800,0,NONE,13.48,6006,4.104,1.302
4168758,289.4717765,11339.79685,10,400.5332017,12.84699781,4168758,0,NONE,13.757,5775,4.393,0.933
10208470,286.9552712,5381.191344,10.5,188.8766801,12.76405511,10208470,0,NONE,14.371,5185,4.422,0.938
6266423,194.1353551,2648.128963,7.5,323.002472,12.71781047,6266423,0,NONE,14.318,6250,4.49,0.921
11075737,31.03948713,85.51387389,5,145.9349487,12.68980026,11075737,1,CONFIRMED,12.872,5802,4.425,0.966
10917136,32.25291853,436.0851773,5,142.9913184,12.52545727,10917136,0,NONE,13.718,5601,4.562,0.818
10651431,35.63826066,304.8389317,5,134.8874805,12.42236582,10651431,0,NONE,14.22,6283,4.391,1.087
6035124,266.4167266,2961.669238,8.5,271.689685,12.38131473,6035124,1,CONFIRMED,13.746,5477,4.035,1.571
4831267,31.81504771,116.5492627,5,141.5334432,12.00667601,4831267,0,NONE,13.727,6109,4.346,1.084
3654361,180.6883063,629.4618137,5,261.4140459,11.93345574,3654361,0,NONE,11.269,5095,4.678,0.58
5096839,246.3451168,625.66168,8.5,230.1271347,11.47405132,5096839,0,NONE,14.107,6131,4.497,0.945
4383803,180.9060562,1105.711289,9,259.9763458,11.24574408,4383803,0,NONE,11.95,5770,4.472,0.855
5894197,254.1332187,489.9140818,10,255.6787797,11.1699231,5894197,0,NONE,12.787,5528,4.487,0.825
5192450,199.280431,2193.568198,6.5,166.0494295,10.72798491,5192450,0,NONE,13.129,5926,4.519,0.913
2441876,267.9776899,433.9352206,8.5,260.3830225,10.64073277,2441876,0,NONE,12.798,6127,4.337,1.07
11153121,254.1366023,1594.477258,14,255.7824997,10.51822931,11153121,1,CONFIRMED,14.167,5900,4.363,1.07
6949061,205.7933329,953.3820178,7.5,183.8561333,10.45883692,6949061,1,CONFIRMED,14.128,6122,4.41,1.047
7256715,287.4843637,808.0856556,6.5,188.9192424,10.34793275,7256715,0,NONE,14.422,6089,4.464,0.961
3003576,199.2704547,2227.027508,6,166.0598475,10.28580933,3003576,0,NONE,12.517,6161,4.152,1.471
4263324,235.3338245,1555.390898,5,240.6641585,10.21668116,4263324,0,NONE,12.237,5184,4.503,0.81
3557114,288.8757091,1130.761445,8,260.3873748,10.15928497,3557114,0,NONE,14.001,5762,4.423,0.874
10097171,254.1476331,1583.042835,9,255.5741907,9.976643697,10097171,0,NONE,14.029,5278,4.553,0.728
7373610,44.77776893,396.1122008,5,147.1787963,9.969876253,7373610,0,NONE,14.203,6156,4.545,0.84
1724719,233.6229092,719.8263879,10,268.3251055,9.823268151,1724719,1,CONFIRMED,13.96,6185,4.383,1.087
6265665,204.3162782,1435.401088,9,246.3937944,9.7401299,6265665,1,CONFIRMED,13.509,5002,4.543,0.753
12066128,39.20785247,389.1996715,5,156.5951642,9.458423139,12066128,0,NONE,13.659,6190,4.373,1.081
8631504,205.7933329,791.5447845,8,183.8662647,9.421008047,8631504,1,CONFIRMED,14.146,4832,4.59,0.741
4274340,199.2704547,2617.722001,6,166.0598002,9.340959995,4274340,0,NONE,12.5,5763,4.53,0.843
6851708,205.7933329,1075.942402,10,183.8934809,9.321956258,6851708,0,NONE,13.265,5513,4.611,0.734
9933041,276.5004217,3022.157944,5,352.8252347,9.251374274,9933041,0,NONE,14.317,6054,4.372,1.072
5991815,254.1349108,793.7819733,8.5,255.6264889,8.964450895,5991815,0,NONE,14.207,6014,4.33,1.129
5859725,92.14880533,82.58562122,8.5,168.2166134,8.940810215,5859725,1,CANDIDATE,13.048,5830,4.503,0.825
4490159,254.120497,1009.668621,10,255.7412852,8.698490782,4490159,0,NONE,14.417,5825,4.356,1.071
12300524,254.1221885,1413.129642,7,255.6640353,8.626908419,12300524,1,CANDIDATE,13.186,6039,4.478,1.005
7582689,216.9153533,271.5015642,10,259.4981007,8.479740911,7582689,1,CONFIRMED,11.973,6293,4.027,1.682
8564420,205.7933329,758.8607553,7,183.8454885,8.43254791,8564420,0,NONE,14.483,6060,4.509,0.925
10615440,256.5843228,864.1411145,8,310.9909373,8.196891855,10615440,1,CONFIRMED,13.385,6025,4.331,1.196
3541946,35.57992654,491.1039599,5,146.8668042,8.14634649,3541946,1,CONFIRMED,13.597,5733,4.551,0.855
5716763,199.2704547,636.9284822,5,166.0596974,7.915065045,5716763,1,CANDIDATE,12.107,5916,4.573,0.788
6842313,232.4039229,712.1516711,5.5,165.4607748,7.749604437,6842313,0,NONE,14.12,5662,4.367,1.03
10904004,279.9703659,655.3813995,7.5,259.6480225,7.73696231,10904004,1,CANDIDATE,14.48,4871,4.626,0.654
3098810,233.6096589,351.5167543,10,268.3313003,7.664753048,3098810,1,CONFIRMED,12.988,6071,4.315,1.216
4845295,278.5271995,896.7358109,5.5,260.0018994,7.567250531,4845295,0,NONE,14.122,5984,4.521,0.906
5212312,180.8499476,386.2037509,8.5,260.3558136,7.423738216,5212312,0,NONE,14.111,6198,4.394,1.073
8802165,34.84277619,689.8679594,5,131.9710734,7.375259023,8802165,1,CONFIRMED,13.939,5796,4.544,0.871
6582949,253.7350118,1406.473143,7.5,400.3252302,7.33457943,6582949,0,NONE,13.977,5209,4.495,0.816
1849415,92.17432824,248.8122831,12.5,168.2792574,7.331023449,1849415,0,NONE,12.637,6198,4.039,1.624
6946708,246.9450165,1049.52047,8.5,183.8978492,7.300088262,6946708,1,CANDIDATE,14.401,5642,4.6,0.747
8481242,92.75243934,240.1554741,6,166.5126835,7.260033161,8481242,0,NONE,14.372,5841,4.52,0.931
4176763,223.9918966,685.1249364,6,182.3039184,7.177718282,4176763,0,NONE,14.319,5318,4.642,0.676
10779094,284.3739574,1336.912687,10,349.2893979,7.175837582,10779094,0,NONE,13.554,6264,4.062,1.648
2989404,279.7462784,480.2213238,7.5,260.3204884,7.110226368,2989404,1,CONFIRMED,12.722,6277,4.211,1.378
10094670,288.2080612,2757.524876,5,183.8242336,6.928608033,10094670,1,CONFIRMED,13.698,6215,4.397,1.145
6665695,87.48907597,336.2646924,5.5,213.9192701,6.671476527,6665695,1,CONFIRMED,14.005,5207,4.595,0.725
7808587,288.3612766,1168.963856,10,183.9293277,6.654194867,7808587,1,CONFIRMED,13.939,5810,4.25,1.259
8146482,285.8515244,4852.888071,5,163.7628354,6.594174493,8146482,0,NONE,13.64,5375,4.531,0.752
10006971,285.7558905,965.6811197,8.5,383.2934909,6.581437533,10006971,0,NONE,13.22,5823,4.042,1.586
5296040,285.7886162,1728.08028,6,163.9079455,6.529204767,5296040,0,NONE,14.042,6028,4.459,1.047
5559280,93.28997337,378.4162912,8.5,166.2157339,6.462019698,5559280,0,NONE,12.509,4999,4.514,0.801
10252901,135.7382969,271.6268149,15,265.8669031,6.407680545,10252901,0,NONE,13.764,5691,4.515,0.923
4370718,285.7965724,1794.417834,6,163.8932341,6.3029012,4370718,0,NONE,12.388,5884,4.187,1.431
2572793,36.04711649,1000.125312,5,158.5960051,6.297274598,2572793,0,NONE,14.32,5900,4.425,0.973
9535182,92.09071834,328.1806011,5.5,169.8348905,6.247639398,9535182,0,NONE,13.96,5609,4.599,0.755
6841696,92.73727512,390.9896727,7.5,166.6274593,6.193751477,6841696,0,NONE,14.092,5941,4.519,0.911
10581308,92.44596948,134.4878814,11,199.0751203,6.163827396,10581308,1,CANDIDATE,13.766,5458,4.09,1.441
8572665,285.2585609,777.3932728,7,164.9911195,6.084793215,8572665,0,NONE,14.354,6217,4.434,1.041
11139692,92.7933001,380.8586884,9.5,166.2515529,6.031678429,11139692,0,NONE,14.032,4979,4.568,0.715
8607778,263.3967115,299.3605874,10.5,209.3773442,6.002019747,8607778,0,NONE,14.103,5970,4.521,0.908
9519376,274.8742228,3550.83222,7,183.8665351,5.930638761,9519376,0,NONE,13.885,6047,4.264,1.195
9943009,262.0818243,635.0098735,8,183.8873761,5.910822671,9943009,1,CANDIDATE,12.66,5927,4.117,1.53
7904473,205.7830306,464.8146225,7,183.8870129,5.907780843,7904473,0,NONE,13.94,5716,4.309,1.054
5341188,94.0177008,2186.242641,5,161.8254911,5.879894391,5341188,0,NONE,13.717,5505,4.495,0.816
9088531,283.1161697,255.9073525,11.5,183.9452013,5.790048509,9088531,0,NONE,11.749,6198,4.342,1.132
10924064,240.7596697,1354.052517,7,282.3869465,5.67958127,10924064,0,NONE,13.705,5055,4.591,0.785
6372346,231.7310895,1042.60492,7.5,259.9601728,5.661185741,6372346,0,NONE,14.427,5525,4.478,0.82
8315206,34.06550118,70.79054946,8,135.4494291,5.643357211,8315206,0,NONE,14.026,5148,4.635,0.683
6697817,232.0552077,630.9964912,8.5,258.3560378,5.523430531,6697817,1,CANDIDATE,14.322,5993,4.489,0.986
6374248,231.7766927,554.1763264,9,259.7614217,5.447665895,6374248,0,NONE,13.868,6091,4.227,1.334
6187121,92.39662409,178.8553736,10.5,167.8833025,5.403652783,6187121,0,NONE,13.48,6299,4.251,1.21
5297117,285.9132577,1872.82063,5,163.6370976,5.391786279,5297117,0,NONE,13.008,5837,4.361,1.073
7766199,285.8582063,572.8439133,6,163.7678758,5.365799283,7766199,0,NONE,13.288,5747,4.577,0.792
5944707,92.58547838,244.0567307,14,167.4919634,5.206046121,5944707,0,NONE,14.317,5170,4.623,0.704
4545738,92.76698834,215.7193636,6,166.4503859,5.159886035,4545738,0,NONE,13.907,5534,4.548,0.839
11196226,240.769283,1086.062936,5,282.3303039,5.148916324,11196226,0,NONE,12.581,6290,4.269,1.231
11953957,92.76637066,159.7981342,6.5,166.4453823,5.082130866,11953957,0,NONE,11.978,5598,4.552,0.849
3859406,92.38368525,645.3662749,6.5,169.8769941,5.045025545,3859406,0,NONE,14.075,6086,4.354,1.187
8263104,127.0662245,854.7165032,9.5,255.7304473,5.015163166,8263104,0,NONE,14.291,5750,4.431,0.906
5807846,247.0636667,430.6658253,11,291.0387711,4.985103787,5807846,0,NONE,13.325,6187,4.337,1.126
10190481,247.0026923,688.6825948,7,291.2626059,4.967782115,10190481,0,NONE,14.19,5955,4.534,0.883
8540081,78.70215622,334.9750462,9.5,134.3625421,4.946193218,8540081,0,NONE,13.574,5676,4.382,1.012
6141529,142.7257023,241.8268971,9,241.7887393,4.921505481,6141529,0,NONE,13.191,5571,4.39,0.94
8460007,57.63418014,517.9868237,8.5,134.4179354,4.918577342,8460007,0,NONE,14.342,4911,4.769,0.522
3440118,92.85709681,2469.438746,9.5,164.8205445,4.80060985,3440118,1,CONFIRMED,12.624,5839,4.247,1.173
11453791,89.71909719,181.873251,9,180.5328809,4.731089806,11453791,0,NONE,13.687,5985,4.462,0.961
7213876,92.19605339,311.3577666,6.5,169.3141729,4.7202289,7213876,0,NONE,10.976,5780,4.438,1
8081899,93.55897302,174.4245475,10,162.5335781,4.64505634,8081899,1,CONFIRMED,13.889,5492,4.576,0.812
6381240,127.0598634,312.8078108,9,255.6995867,4.595508521,6381240,0,NONE,14.289,5891,4.257,1.22
11658776,127.9993378,544.8655155,6.5,246.2725216,4.590629215,11658776,0,NONE,13.872,5883,4.292,1.125
9705496,140.3097323,804.8649774,8.5,183.8768602,4.564002471,9705496,0,NONE,14.263,5003,4.534,0.827
7204360,123.4783154,436.1180937,6.5,183.7935429,4.544408893,7204360,0,NONE,14.465,6137,4.46,1.018
2445665,118.7863875,218.8021582,8.5,141.5912922,4.452471441,2445665,0,NONE,12.792,5396,4.607,0.717
10578148,77.56714586,105.1887425,13,130.1853828,4.300988137,10578148,0,NONE,13.219,6131,4.37,1.114
10360825,127.0598634,1286.98335,5,255.6158547,4.271687981,10360825,0,NONE,13.707,5780,4.438,1
9329967,61.84019305,74.65378497,5.5,135.5497659,4.238672428,9329967,0,NONE,13.351,6174,4.337,1.144
11125992,108.2913835,112.1993986,8.5,151.570478,4.182408746,11125992,0,NONE,13.277,5762,4.026,1.627
4546746,70.5292152,248.5903549,8.5,153.1482792,4.182284164,4546746,0,NONE,14.422,5339,4.599,0.758
11908749,92.75708311,585.7706632,5.5,166.5017442,4.074019704,11908749,0,NONE,13.66,5632,4.616,0.721
6422390,92.7933001,150.5008252,6,166.310487,3.983262108,6422390,0,NONE,12.299,5960,4.1,1.459
5938255,91.01582834,476.896365,10,189.4504927,3.969686874,5938255,0,NONE,14.374,6025,4.42,1.019
11666881,127.0662245,495.9295042,5.5,128.5490336,3.964388809,11666881,1,CONFIRMED,13.273,6224,4.279,1.328
11017397,135.6310883,184.78627,8.5,223.4455169,3.962576662,11017397,0,NONE,13.485,6067,4.322,1.12
8751783,80.30182183,1487.600561,13,201.1581209,3.929474076,8751783,0,NONE,13.375,5933,4.157,1.337
5809890,59.64580608,214.8454708,5.5,141.0433507,3.711703005,5809890,1,CONFIRMED,13.999,5095,4.529,0.771
11290469,82.17408542,87.54529484,11,229.9941616,3.662312489,11290469,0,NONE,13.859,5277,4.515,0.779
10657406,91.95041058,492.6699394,5,171.3456111,3.593723852,10657406,1,CONFIRMED,13.733,5346,4.403,0.952
8742834,91.9399806,242.3011103,6.5,183.8563046,3.536977135,8742834,0,NONE,13.809,5981,4.326,1.054
8360415,88.72722891,1201.03567,9,183.9498935,3.489277195,8360415,0,NONE,14.027,5134,4.56,0.721
10189884,82.17765261,198.2099129,5.5,147.6688775,3.481227278,10189884,0,NONE,14.233,6033,4.398,1.026
10911073,84.78641217,98.38450907,8.5,142.4810967,3.479344362,10911073,0,NONE,13.976,6297,4.448,1.031
11803247,61.63051193,444.0791035,6.5,168.2935881,3.460041352,11803247,0,NONE,14.084,5925,4.476,0.865
8972058,127.0662245,347.790573,9,128.6010386,3.392480218,8972058,1,CONFIRMED,13.431,5977,4.375,1.075
3847642,71.83418026,174.8061747,7,188.5126248,3.388666269,3847642,0,NONE,13.532,5681,4.496,0.851
10266195,140.3027082,659.2164956,8.5,183.897724,3.387212403,10266195,0,NONE,14.39,5794,4.578,0.785
10385248,82.22427577,258.9034852,8.5,210.7314266,3.373139996,10385248,0,NONE,13.957,5130,4.645,0.619
2715251,106.4891993,561.7392356,5.5,158.731338,3.363404383,2715251,0,NONE,13.979,6151,4.26,1.215
6664842,131.7999419,545.4336441,8,208.3255494,3.308285609,6664842,1,CANDIDATE,14.43,6045,4.469,1.005
9957525,77.77471553,1357.920123,8.5,165.7724093,3.225120619,9957525,0,NONE,14.148,5771,4.562,0.825
8360304,140.2947506,1019.526443,10,184.0182855,3.224649117,8360304,0,NONE,13.228,5543,4.568,0.813
10057494,94.64905133,147.3739938,11,137.9977577,3.216490415,10057494,1,CONFIRMED,12.278,6245,4.301,1.24
10058491,124.4760001,111.1081052,8,227.4768927,3.210688243,10058491,0,NONE,13.136,6103,4.496,0.949
9222857,82.99269275,502.5019482,5,183.8245987,3.203662826,9222857,0,NONE,13.775,5183,4.584,0.788
8826303,93.53899473,206.9132871,9,183.8897664,3.18230712,8826303,0,NONE,13.869,6295,4.401,1.08
11017901,93.0767033,648.4347243,14.5,164.9871647,3.181594734,11017901,1,CONFIRMED,12.394,5555,4.44,0.872
5396984,113.578148,373.2907801,7,163.3452481,3.167700744,5396984,0,NONE,14.238,5708,4.389,0.962
10322913,78.51437428,139.6080255,13,162.4917494,3.163899693,10322913,0,NONE,14.332,5700,4.325,1.04
10928043,87.86585151,231.2214055,8,208.3035221,3.077587737,10928043,1,CANDIDATE,13.137,6029,4.457,1.049
2301527,124.5050726,475.9581012,9.5,228.0647409,3.073891857,2301527,0,NONE,14.108,5543,4.568,0.813
12457730,87.48849387,312.6300926,9,213.9911945,3.058733254,12457730,0,NONE,14.227,6180,4.453,1.006
9052348,84.70950373,1153.341942,8,170.9491532,3.05290634,9052348,0,NONE,14.347,5010,4.545,0.75
7708458,84.70950373,307.7981232,8.5,170.9655823,3.001269426,7708458,0,NONE,12.943,5891,4.424,0.976
8315266,91.8228827,136.0858731,6,171.1785983,2.99053522,8315266,0,NONE,13.829,6031,4.085,1.43
8165946,93.53837214,479.5272054,8,183.8664549,2.977705759,8165946,1,CONFIRMED,13.862,6201,4.472,0.989
11766750,92.50026533,386.3795009,6,138.7618688,2.920964422,11766750,0,NONE,14.211,5432,4.42,0.913
2991562,74.52296626,256.3106077,10,169.5750828,2.884597185,2991562,0,NONE,12.273,5843,4.121,1.449
10722020,93.53899473,220.7118087,8,183.8664604,2.826121742,10722020,0,NONE,14.014,5724,4.345,1.039
9521317,93.53368949,160.1853024,9.5,183.9661319,2.823791084,9521317,1,CANDIDATE,12.85,6082,4.455,1.025
8493800,89.16167255,104.8951446,5.5,202.0494347,2.806198575,8493800,0,NONE,10.695,6241,4.196,1.49
11713414,75.15067009,88.80267202,5,171.1012473,2.804295461,11713414,0,NONE,12.002,5981,4.296,1.15
6304294,92.74090504,332.6256179,5,166.5745623,2.787896888,6304294,0,NONE,13.894,5865,4.24,1.179
4935189,72.59916805,2120.266422,9.5,182.5909955,2.764485755,4935189,0,NONE,11.203,6256,4.172,1.529
2718136,81.71287256,195.4819078,10,210.8042137,2.760989768,2718136,0,NONE,14.352,5489,4.577,0.744
7950097,103.8645267,441.1306564,10,183.9292116,2.760577168,7950097,0,NONE,13.79,6243,4.401,1.07
8837813,84.7137444,514.1008238,8,170.8868268,2.752068927,8837813,0,NONE,13.987,5670,4.263,1.117
9967771,72.28375728,313.0851826,8.5,152.8971918,2.750823945,9967771,1,CONFIRMED,14.498,5953,4.485,0.926
6268648,95.74448759,142.7976932,8,162.1228586,2.740408247,6268648,1,CONFIRMED,11.049,6044,4.192,1.327
2853446,139.8736465,695.1104264,8,176.033437,2.707471298,2853446,1,CANDIDATE,13.835,5973,4.371,1.07
6431254,37.41384667,135.5216701,7.5,146.5289506,2.705686243,6431254,0,NONE,13.19,6070,4.187,1.25
9146018,103.8437262,391.1712455,12,183.9707715,2.701217469,9146018,1,CONFIRMED,14.129,5543,4.568,0.813
6272284,83.7867156,477.8977499,6,183.8460483,2.694563639,6272284,0,NONE,14.274,5979,4.329,1.093
4068696,85.31334778,457.8887481,7,179.3931398,2.693011262,4068696,0,NONE,13.514,5868,4.53,0.894
4831185,62.38852757,377.2608488,13,162.2267635,2.665508726,4831185,0,NONE,10.251,5906,4.173,1.275
8609667,61.23023458,91.12705622,8.5,172.1689537,2.662478131,8609667,0,NONE,14.221,6013,4.45,0.953
10556590,139.8428469,2149.427874,7.5,176.1470769,2.634672263,10556590,0,NONE,13.684,5880,4.274,1.193
6779260,93.20006516,1257.600354,9,166.1432065,2.630996921,6779260,1,CONFIRMED,11.799,5397,4.543,0.831
4364882,106.4515492,330.6602,9,159.0333735,2.609719858,4364882,0,NONE,14.147,5413,4.656,0.657
9225385,78.58067774,434.1719488,7,161.3037075,2.601511302,9225385,0,NONE,14.445,5457,4.584,0.778
3953177,82.79576377,238.2995743,9.5,194.5021676,2.579175234,3953177,0,NONE,14.434,5973,4.562,0.826
8265428,79.73557197,330.4646092,9,170.8091557,2.567937065,8265428,0,NONE,12.761,6297,4.341,1.12
5033073,84.71006756,286.0997083,7.5,170.9392114,2.56520018,5033073,0,NONE,13.681,6106,4.46,1.005
8041825,75.9008154,191.4005541,8,204.1995073,2.562427719,8041825,0,NONE,14.147,5981,4.452,1.022
12053194,82.18121913,165.8981076,10,147.768265,2.554213491,12053194,0,NONE,13.204,5903,4.546,0.864
9098185,102.8956696,185.9182377,7.5,183.8557719,2.552403308,9098185,0,NONE,14.247,6181,4.371,1.031
11125797,61.50828762,105.1846379,9.5,164.7936766,2.552130381,11125797,1,CONFIRMED,13.747,5356,4.617,0.685
11361646,84.70950373,282.850616,7,170.9283888,2.537304363,11361646,1,CONFIRMED,13.928,5973,4.386,1.081
8081187,87.86262177,234.7777961,6,208.3103481,2.496848873,8081187,1,CONFIRMED,13.573,6253,4.503,0.927
5364578,137.1943426,1005.115372,7.5,183.8770314,2.452961723,5364578,0,NONE,14.331,6119,4.497,0.938
11904011,87.52265374,563.3573268,11,181.3724835,2.430078584,11904011,0,NONE,13.145,6295,4.366,1.056
2716664,71.83729859,293.3257445,8,188.5334017,2.404845728,2716664,0,NONE,13.891,6284,4.194,1.448
9076990,96.67277844,261.4167,6,183.8459054,2.400911849,9076990,0,NONE,14.296,5571,4.549,0.779
8052298,84.70950373,539.0264536,9,170.9701697,2.398282144,8052298,0,NONE,14.291,5981,4.492,0.957
8520426,137.5517153,448.7016296,8.5,183.8971663,2.372700891,8520426,0,NONE,12.46,5110,4.529,0.803
8171971,72.46341049,99.41338386,12,186.8305009,2.356518986,8171971,0,NONE,13.593,5865,4.518,0.918
10002867,138.4990982,1182.108315,7.5,183.8769449,2.28585392,10002867,0,NONE,14.28,6160,4.378,1.048
9395908,93.53837214,235.6113465,10,183.9141735,2.276945022,9395908,0,NONE,12.813,5346,4.637,0.682
5084184,61.66856497,164.182847,7.5,136.9815838,2.246913813,5084184,0,NONE,13.424,5988,4.402,0.99
9764678,93.53837214,399.7409903,10,183.908139,2.238609826,9764678,0,NONE,14.162,5115,4.47,0.866
9413532,80.35247307,71.57188195,9,183.8511836,2.118467166,9413532,0,NONE,12.615,5559,4.496,0.79
7345813,123.4713121,473.6062064,7.5,183.8981465,2.10181645,7345813,0,NONE,14.057,6227,4.457,1.018
12109421,84.70950373,408.7058754,7,170.9346685,2.097938148,12109421,0,NONE,13.454,6060,4.495,0.953
9836563,94.977088,103.4275687,6.5,183.8766028,2.041375466,9836563,1,CANDIDATE,12.788,6183,4.428,1.002
4939472,60.28179784,281.5809783,9,139.8455483,2.034670466,4939472,0,NONE,14.477,5278,4.593,0.775
8494617,137.1934294,673.7162248,8,183.8872836,1.992640938,8494617,1,CONFIRMED,13.578,5897,4.357,1.081
7597226,93.53634817,534.0205352,9,183.9083949,1.986867925,7597226,0,NONE,14.443,5701,4.571,0.796
7585207,82.16997127,76.83016277,9.5,147.9250878,1.963000016,7585207,0,NONE,11.593,5237,4.568,0.707
9597058,67.71468955,269.2123114,10,122.8303539,1.961890948,9597058,1,CONFIRMED,13.576,5408,4.624,0.696
6853029,68.5960502,329.0611094,9,183.9084153,1.944697784,6853029,0,NONE,13.562,6258,4.449,1.031
5736909,87.85705415,443.7812447,7.5,208.3765125,1.910406819,5736909,0,NONE,13.937,6079,4.09,1.51
8523328,84.70950373,274.3560234,11.5,171.0221152,1.878335039,8523328,0,NONE,13.588,5609,4.379,1.01
8301878,68.59650677,412.266204,6.5,183.8559792,1.877619605,8301878,1,CANDIDATE,14.18,5631,4.478,0.901
9519499,138.4381113,390.6709728,11,183.9349484,1.874838177,9519499,0,NONE,12.756,6099,4.125,1.486
7205717,68.5960502,245.4676548,7,183.8664351,1.870184899,7205717,1,CANDIDATE,14.01,5834,4.284,1.207
4543158,139.0737357,145.8039514,7,153.497979,1.867681501,4543158,0,NONE,12.213,6008,4.266,1.17
3543138,93.85786052,699.4895742,5,144.6376161,1.856666826,3543138,0,NONE,14.02,5955,4.52,0.91
4742888,56.44330768,200.7866896,7,170.9501042,1.837169657,4742888,0,NONE,13.472,6167,4.153,1.492
7352971,68.5960502,395.4841312,9.5,183.9187994,1.814521959,7352971,0,NONE,14.235,6099,4.444,0.954
7116234,68.5960502,434.9560578,7,183.8665835,1.805098626,7116234,0,NONE,14.388,5679,4.584,0.778
9703633,93.53899473,476.6289724,7.5,183.8769143,1.779060046,9703633,0,NONE,14.491,6194,4.457,1.02
9003423,60.66939617,244.1240613,6,189.4502262,1.767178568,9003423,0,NONE,14.463,6215,4.413,1.03
6949198,77.17220041,280.9596437,9.5,183.8977975,1.758006792,6949198,0,NONE,13.974,5959,4.549,0.856
11355925,79.73104961,207.3229049,10,170.8660289,1.749183892,11355925,1,CANDIDATE,14.225,5758,4.277,1.132
6208985,77.17220041,445.2790819,8,183.8665194,1.734855199,6208985,0,NONE,14.266,5098,4.509,0.803
8559152,83.08798434,398.6540807,10,183.9497822,1.707855957,8559152,1,CONFIRMED,13.539,5945,4.196,1.346
7610110,77.17220041,346.1288645,7,183.8664639,1.703633947,7610110,0,NONE,14.104,5585,4.338,1.05
9417931,80.34389341,127.5737372,8.5,183.8823388,1.689758247,9417931,1,CANDIDATE,13.574,6098,4.321,1.131
5941160,61.66588804,179.8040289,8.5,137.0233248,1.672365156,5941160,1,CONFIRMED,13.984,6053,4.242,1.277
11495513,86.84520008,104.6896595,14.5,184.6954696,1.652059178,11495513,0,NONE,12.861,6192,4.232,1.2
8894646,78.58120097,295.8839227,5,161.2828745,1.634483382,8894646,1,CANDIDATE,13.845,5839,4.337,1.082
12215240,93.5702097,379.3101129,9,162.4909126,1.633008879,12215240,0,NONE,14.158,5102,4.553,0.733
5095635,58.62696362,243.5889958,9.5,150.0229925,1.600074084,5095635,1,CANDIDATE,14.482,5883,4.53,0.892
5698009,58.80268353,323.5391563,7,183.8251213,1.536823886,5698009,0,NONE,14.429,5895,4.329,1.146
6107308,61.83317848,69.51770197,11,135.7270097,1.528742254,6107308,0,NONE,13.424,6100,4.17,1.421
10745115,61.84060465,199.1688779,5,134.4135346,1.515126835,10745115,0,NONE,12.36,6160,4.341,1.103
8648352,84.72024104,925.8114485,6.5,170.7545842,1.496470368,8648352,0,NONE,13.93,5684,4.027,1.604
3446746,106.9112374,192.4994689,7.5,153.4662428,1.493958131,3446746,1,CONFIRMED,13.435,5696,4.417,1.001
8888956,93.53837214,296.9985907,7,183.8513757,1.48900723,8888956,0,NONE,13.29,6038,4.089,1.652
7763491,93.54898346,306.8530123,5,161.4554334,1.484808533,7763491,0,NONE,13.169,6068,4.327,1.071
6768394,68.5960502,256.1009532,10,183.9292335,1.471092918,6768394,1,CONFIRMED,13.959,6200,4.16,1.448
10417251,84.70950373,212.1056893,8,170.9552375,1.455466811,10417251,0,NONE,13.085,6299,4.279,1.244
1719974,59.70334518,245.3203609,5,148.4351191,1.43958104,1719974,0,NONE,12.05,6129,4.468,0.801
8115701,87.86585151,694.2383281,8,384.0436121,1.422233149,8115701,0,NONE,14.329,6106,4.408,1.11
3735720,68.51096494,1022.039197,11.5,183.8832272,1.420341555,3735720,0,NONE,13.334,4858,4.564,0.726
7524239,68.59650677,509.5592312,10,183.9112829,1.411254988,7524239,0,NONE,14.484,6003,4.392,1.067
3854725,108.4853622,342.3077145,8.5,196.3979056,1.346944228,3854725,0,NONE,14.309,6289,4.407,1.118
12067363,96.67761825,616.1331942,7,183.8451295,1.279461619,12067363,0,NONE,14.459,6103,4.496,0.949
12055539,84.70950373,744.902134,7.5,170.9392654,1.235771091,12055539,1,CONFIRMED,14.411,6075,4.486,0.969
7335881,84.71006756,255.2875022,7.5,170.946039,1.223768206,7335881,0,NONE,13.445,6183,4.355,1.117
6289257,77.17271406,97.78313971,11.5,183.9244215,1.143742858,6289257,1,CONFIRMED,12.797,6108,4.466,1.03
6305665,62.47206195,252.5202365,8.5,164.7932926,1.102550818,6305665,0,NONE,13.747,6029,4.131,1.411
7421448,55.96588249,379.9547949,7.5,148.3149889,1.03141957,7421448,0,NONE,13.858,5724,4.209,1.237
3851162,81.71559289,334.3801,5,210.616721,1.028488787,3851162,0,NONE,14.078,5921,4.326,1.157
2574376,89.5316074,221.471936,7.5,204.2371844,0.938662789,2574376,0,NONE,12.956,5600,4.55,0.723
4048898,70.88425406,76.39332075,8,189.4977155,0.885274725,4048898,1,CANDIDATE,11.993,5973,4.506,0.935
11359056,61.17081696,209.0134245,9.5,180.569795,0.876801617,11359056,0,NONE,12.351,6137,4.2,1.307
7044893,96.12056495,917.2326192,7,183.866307,0.85082815,7044893,0,NONE,14.226,5945,4.562,0.797
6047482,75.9008154,178.084681,7.5,204.189426,0.812880045,6047482,0,NONE,13.905,5750,4.538,0.882
11760235,78.70662022,626.6662406,7,134.2412546,0.742614441,11760235,0,NONE,14.206,5911,4.519,0.914
6188427,61.65218631,109.6196006,5,198.661573,0.407903727,6188427,0,NONE,13.862,5885,4.058,1.566
