KIC,Period_days,Depth_ppm,Duration_hours,Epoch,SDE,kepid,label,koi_disposition,kepmag,teff,logg,radius,injected,actual,Confidence,Prediction,Rp_Rs_pred
7135676,37.19752664,366.3167771,5.0,154.4136872,17.47293042,7135676,0,NONE,12.053,5795,4.085,1.468,1,1,1.0,1,0.019139403781204888
6627290,35.01338021,443.9341709,5.0,145.4911972,21.76358474,6627290,0,NONE,13.189,5783,4.539,0.88,1,1,1.0,1,0.021069745392386686
6026138,34.90630531,882.8427092,5.0,162.8044937,131.7543065,6026138,0,NONE,13.882,6180,4.399,1.056,1,1,1.0,1,0.029712669169901246
6584971,34.49082064,438.933358,5.0,150.3878785,25.94855671,6584971,0,NONE,13.866,5889,4.283,1.213,1,1,1.0,1,0.02095073645483614
3847809,32.56682368,498.2006677,5.0,151.8251222,24.91405644,3847809,0,NONE,14.293,5814,4.368,1.014,1,1,1.0,1,0.022320409218918903
5036291,30.1792851,847.708454,5.0,148.0329085,61.2919054,5036291,0,NONE,14.108,5588,4.2,1.279,1,1,1.0,1,0.02911543326141653
8299361,32.1212611,556.9753036,5.0,144.7264996,32.72310852,8299361,0,NONE,12.454,6053,4.038,1.711,1,1,1.0,1,0.02360032422658638
6508221,36.41495299,948.9902187,5.0,167.6377166,44.89049825,6508221,1,CONFIRMED,14.29,5262,4.598,0.761,0,1,0.9988475836431226,1,0.030805684843872565
7761918,44.59781082,318.0145249,5.0,128.6221322,15.95684834,7761918,1,CONFIRMED,12.487,6277,4.349,1.13,0,1,0.9984237918215613,1,0.017832961753449707
10917136,32.25291853,436.0851773,5.0,142.9913184,12.52545727,10917136,0,NONE,13.718,5601,4.562,0.818,1,1,0.9973160077233579,1,0.02088265254463618
11122894,37.46456146,1288.835924,5.0,162.4500314,45.77068965,11122894,1,CONFIRMED,14.232,6150,4.423,1.04,0,1,0.9971173166152698,1,0.035900361056680194
3533508,42.69228305,1115.405848,5.0,158.2003288,212.2763702,3533508,0,NONE,13.705,5500,4.524,0.757,1,1,0.9963442172451213,1,0.03339769225560353
11446443,32.12061947,3373.068648,5.0,142.4557861,86.19263459,11446443,1,CONFIRMED,11.338,5850,4.455,0.95,0,1,0.9960880093740192,1,0.058078125382970136
10651431,35.63826066,304.8389317,5.0,134.8874805,12.42236582,10651431,0,NONE,14.22,6283,4.391,1.087,1,1,0.9956563947421748,1,0.01745963721558956
3541946,35.57992654,491.1039599,5.0,146.8668042,8.14634649,3541946,1,CONFIRMED,13.597,5733,4.551,0.855,0,1,0.9929658381332688,1,0.02216086550430736
2987027,34.55347805,6502.434766,5.0,133.8251529,305.1733979,2987027,1,CONFIRMED,14.018,5085,4.498,0.822,0,1,0.9918924476468485,1,0.08063767584696374
12066128,39.20785247,389.1996715,5.0,156.5951642,9.458423139,12066128,0,NONE,13.659,6190,4.373,1.081,1,1,0.991449626192238,1,0.019728144147384975
9753528,33.48104235,1653.332894,5.0,145.887706,276.5535431,9753528,0,NONE,14.09,6106,4.414,1.032,1,1,0.9910453870368173,1,0.0406611964162394
6634112,39.77227687,8605.602642,5.0,163.6160972,132.4742775,6634112,1,CANDIDATE,14.099,5268,4.475,0.843,0,1,0.9908924476468484,1,0.09276638745795807
7373610,44.77776893,396.1122008,5.0,147.1787963,9.969876253,7373610,0,NONE,14.203,6156,4.545,0.84,1,1,0.9883416846701935,1,0.019902567693641945
10848334,32.64286187,147.6627739,5.0,131.2267482,20.5257792,10848334,0,NONE,12.992,6052,4.159,1.297,1,1,0.9854051393155109,1,0.01215165724911627
10532112,43.84537417,525.0186024,5.5,130.9243478,82.39965702,10532112,0,NONE,13.424,5984,4.316,1.128,1,1,0.9841187231962059,1,0.02291328440883148
4831267,31.81504771,116.5492627,5.0,141.5334432,12.00667601,4831267,0,NONE,13.727,6109,4.346,1.084,1,1,0.9840381298535185,1,0.010795798381777978
11075737,31.03948713,85.51387389,5.0,145.9349487,12.68980026,11075737,1,CONFIRMED,12.872,5802,4.425,0.966,0,1,0.9838209975522769,1,0.009247371188072857
5427752,48.47869156,799.7024959,6.0,170.5129712,91.45781019,5427752,0,NONE,14.023,5627,4.591,0.763,1,1,0.983118915611445,1,0.028279011579261396
10877233,34.91620589,429.4351443,7.0,159.8450635,15.43086692,10877233,0,NONE,13.775,6297,4.448,1.031,1,1,0.9812592918851828,1,0.020722816997213483
8802165,34.84277619,689.8679594,5.0,131.9710734,7.375259023,8802165,1,CONFIRMED,13.939,5796,4.544,0.871,0,1,0.9740687091831266,1,0.026265337603008268
4245449,30.94084885,3676.977633,10.0,124.5395856,74.69819059,4245449,0,NONE,12.545,6052,4.001,1.554,1,1,0.9624992304059186,1,0.060638087313173064
10089175,53.02037204,1366.216716,6.0,134.6993314,157.4551347,10089175,0,NONE,14.064,5700,4.349,1.1,1,1,0.9599759479134583,1,0.03696236891758968
2572793,36.04711649,1000.125312,5.0,158.5960051,6.297274598,2572793,0,NONE,14.32,5900,4.425,0.973,1,1,0.9327532974566083,1,0.0316247578963065
6431254,37.41384667,135.5216701,7.5,146.5289506,2.705686243,6431254,0,NONE,13.19,6070,4.187,1.25,1,1,0.9262455812872179,1,0.011641377500107108
8315206,34.06550118,70.79054946,8.0,135.4494291,5.643357211,8315206,0,NONE,14.026,5148,4.635,0.683,1,1,0.9190294681902952,1,0.008413711990554466
4820550,67.37373067,489.5776776,5.0,157.2836774,15.85406815,4820550,1,CANDIDATE,13.922,5817,4.544,0.87,0,1,0.8910703643797906,1,0.022126402274206262
10094670,288.2080612,2757.524876,5.0,183.8242336,6.928608033,10094670,1,CONFIRMED,13.698,6215,4.397,1.145,0,1,0.8850338771497223,1,0.05251214027251222
8146482,285.8515244,4852.888071,5.0,163.7628354,6.594174493,8146482,0,NONE,13.64,5375,4.531,0.752,1,1,0.8676627438188095,1,0.06966267344137748
10097171,254.1476331,1583.042835,9.0,255.5741907,9.976643697,10097171,0,NONE,14.029,5278,4.553,0.728,1,1,0.856972619878973,1,0.03978747082939552
5296040,285.7886162,1728.08028,6.0,163.9079455,6.529204767,5296040,0,NONE,14.042,6028,4.459,1.047,1,1,0.8538890409847004,1,0.041570184988763276
4274340,199.2704547,2617.722001,6.0,166.0598002,9.340959995,4274340,0,NONE,12.5,5763,4.53,0.843,1,1,0.8344633294072442,1,0.05116367853272476
4370718,285.7965724,1794.417834,6.0,163.8932341,6.3029012,4370718,0,NONE,12.388,5884,4.187,1.431,1,1,0.8300530916217754,1,0.04236056933045164
9933041,276.5004217,3022.157944,5.0,352.8252347,9.251374274,9933041,0,NONE,14.317,6054,4.372,1.072,1,1,0.825622686730254,1,0.05497415705583852
6266423,194.1353551,2648.128963,7.5,323.002472,12.71781047,6266423,0,NONE,14.318,6250,4.49,0.921,1,1,0.8215638791071086,1,0.05145997437815141
6582949,253.7350118,1406.473143,7.5,400.3252302,7.33457943,6582949,0,NONE,13.977,5209,4.495,0.816,1,1,0.8111701606085738,1,0.03750297512198199
3654361,180.6883063,629.4618137,5.0,261.4140459,11.93345574,3654361,0,NONE,11.269,5095,4.678,0.58,1,1,0.7965164466803082,1,0.02508907757770301
9222857,82.99269275,502.5019482,5.0,183.8245987,3.203662826,9222857,0,NONE,13.775,5183,4.584,0.788,1,1,0.7911336957421882,1,0.02241655522599313
10779094,284.3739574,1336.912687,10.0,349.2893979,7.175837582,10779094,0,NONE,13.554,6264,4.062,1.648,1,1,0.786784266078701,1,0.03656381663612266
8609667,61.23023458,91.12705622,8.5,172.1689537,2.662478131,8609667,0,NONE,14.221,6013,4.45,0.953,1,1,0.7779524671938577,1,0.009546049246677915
6035124,266.4167266,2961.669238,8.5,271.689685,12.38131473,6035124,1,CONFIRMED,13.746,5477,4.035,1.571,0,1,0.7732369430687385,1,0.054421220475105114
5297117,285.9132577,1872.82063,5.0,163.6370976,5.391786279,5297117,0,NONE,13.008,5837,4.361,1.073,1,1,0.7672857068548312,1,0.04327609767527567
12300524,254.1221885,1413.129642,7.0,255.6640353,8.626908419,12300524,1,CANDIDATE,13.186,6039,4.478,1.005,0,1,0.766114510088656,1,0.03759161664520429
3003576,199.2704547,2227.027508,6.0,166.0598475,10.28580933,3003576,0,NONE,12.517,6161,4.152,1.471,1,1,0.7650268029338505,1,0.04719139230834369
5859725,92.14880533,82.58562122,8.5,168.2166134,8.940810215,5859725,1,CANDIDATE,13.048,5830,4.503,0.825,0,1,0.755288425801084,1,0.009087663133061216
5350800,82.02398367,344.3214561,10.0,185.6019124,14.27578942,5350800,0,NONE,13.48,6006,4.104,1.302,1,1,0.7538949449912852,1,0.018555900843128043
5716763,199.2704547,636.9284822,5.0,166.0596974,7.915065045,5716763,1,CANDIDATE,12.107,5916,4.573,0.788,0,1,0.7484572692563116,1,0.02523744206927477
6265665,204.3162782,1435.401088,9.0,246.3937944,9.7401299,6265665,1,CONFIRMED,13.509,5002,4.543,0.753,0,1,0.7421843767982401,1,0.03788668747726568
8460007,57.63418014,517.9868237,8.5,134.4179354,4.918577342,8460007,0,NONE,14.342,4911,4.769,0.522,1,1,0.7403728139863459,1,0.02275932388494878
6272284,83.7867156,477.8977499,6.0,183.8460483,2.694563639,6272284,0,NONE,14.274,5979,4.329,1.093,1,1,0.7397610490938029,1,0.02186087257865065
7421448,55.96588249,379.9547949,7.5,148.3149889,1.03141957,7421448,0,NONE,13.858,5724,4.209,1.237,1,1,0.7344581628066733,1,0.019492429168782428
10657406,91.95041058,492.6699394,5.0,171.3456111,3.593723852,10657406,1,CONFIRMED,13.733,5346,4.403,0.952,0,1,0.732611517509335,1,0.02219616947583524
10904004,279.9703659,655.3813995,7.5,259.6480225,7.73696231,10904004,1,CANDIDATE,14.48,4871,4.626,0.654,0,1,0.7321717585131481,1,0.025600417955572524
10556590,139.8428469,2149.427874,7.5,176.1470769,2.634672263,10556590,0,NONE,13.684,5880,4.274,1.193,1,1,0.7259077022210721,1,0.04636192267367694
8837813,84.7137444,514.1008238,8.0,170.8868268,2.752068927,8837813,0,NONE,13.987,5670,4.263,1.117,1,1,0.7206883105299807,1,0.02267379156206566
2989404,279.7462784,480.2213238,7.5,260.3204884,7.110226368,2989404,1,CONFIRMED,12.722,6277,4.211,1.378,0,1,0.7143619445353123,1,0.02191395271967155
7950097,103.8645267,441.1306564,10.0,183.9292116,2.760577168,7950097,0,NONE,13.79,6243,4.401,1.07,1,1,0.7128101483652309,1,0.021003110636284333
3098810,233.6096589,351.5167543,10.0,268.3313003,7.664753048,3098810,1,CONFIRMED,12.988,6071,4.315,1.216,0,1,0.7087464088923803,1,0.01874878007498088
11153121,254.1366023,1594.477258,14.0,255.7824997,10.51822931,11153121,1,CONFIRMED,14.167,5900,4.363,1.07,0,1,0.7025250826850477,1,0.03993090605032648
7582689,216.9153533,271.5015642,10.0,259.4981007,8.479740911,7582689,1,CONFIRMED,11.973,6293,4.027,1.682,0,1,0.7021666013805475,1,0.016477304518640178
4490159,254.120497,1009.668621,10.0,255.7412852,8.698490782,4490159,0,NONE,14.417,5825,4.356,1.071,1,1,0.7016976262572773,1,0.031775283177337695
9146018,103.8437262,391.1712455,12.0,183.9707715,2.701217469,9146018,1,CONFIRMED,14.129,5543,4.568,0.813,0,1,0.6949978039636558,1,0.019778049587863816
10911073,84.78641217,98.38450907,8.5,142.4810967,3.479344362,10911073,0,NONE,13.976,6297,4.448,1.031,1,1,0.6947743349214661,1,0.009918896565142717
4935189,72.59916805,2120.266422,9.5,182.5909955,2.764485755,4935189,0,NONE,11.203,6256,4.172,1.529,1,1,0.6935399656167899,1,0.04604635080003626
2853446,139.8736465,695.1104264,8.0,176.033437,2.707471298,2853446,1,CANDIDATE,13.835,5973,4.371,1.07,0,1,0.6926312666110958,1,0.026364946925795243
11290469,82.17408542,87.54529484,11.0,229.9941616,3.662312489,11290469,0,NONE,13.859,5277,4.515,0.779,1,1,0.692313475442093,1,0.009356564264728801
6268648,95.74448759,142.7976932,8.0,162.1228586,2.740408247,6268648,1,CONFIRMED,11.049,6044,4.192,1.327,0,1,0.6906558411024996,1,0.0119497988769686
12109421,84.70950373,408.7058754,7.0,170.9346685,2.097938148,12109421,0,NONE,13.454,6060,4.495,0.953,1,1,0.68830591294159,1,0.020216475345618486
7808587,288.3612766,1168.963856,10.0,183.9293277,6.654194867,7808587,1,CONFIRMED,13.939,5810,4.25,1.259,0,1,0.6812773477974405,1,0.03419011342478992
10615440,256.5843228,864.1411145,8.0,310.9909373,8.196891855,10615440,1,CONFIRMED,13.385,6025,4.331,1.196,0,1,0.679030257714453,1,0.029396277221784395
4068696,85.31334778,457.8887481,7.0,179.3931398,2.693011262,4068696,0,NONE,13.514,5868,4.53,0.894,1,1,0.6779373151735198,1,0.021398335171223016
8631504,205.7933329,791.5447845,8.0,183.8662647,9.421008047,8631504,1,CONFIRMED,14.146,4832,4.59,0.741,0,1,0.6756669483292478,1,0.028134405707247487
5809890,59.64580608,214.8454708,5.5,141.0433507,3.711703005,5809890,1,CONFIRMED,13.999,5095,4.529,0.771,0,1,0.6729248202037627,1,0.01465760794945751
11713414,75.15067009,88.80267202,5.0,171.1012473,2.804295461,11713414,0,NONE,12.002,5981,4.296,1.15,1,1,0.6593766986240562,1,0.009423516966610715
9225385,78.58067774,434.1719488,7.0,161.3037075,2.601511302,9225385,0,NONE,14.445,5457,4.584,0.778,1,1,0.6573941899300634,1,0.02083679315057862
9519499,138.4381113,390.6709728,11.0,183.9349484,1.874838177,9519499,0,NONE,12.756,6099,4.125,1.486,1,1,0.6571922590462218,1,0.01976539837190235
11125797,61.50828762,105.1846379,9.5,164.7936766,2.552130381,11125797,1,CONFIRMED,13.747,5356,4.617,0.685,0,1,0.6542517922652513,1,0.010255956215780175
1724719,233.6229092,719.8263879,10.0,268.3251055,9.823268151,1724719,1,CONFIRMED,13.96,6185,4.383,1.087,0,1,0.6531027225934788,1,0.026829580464479873
5212312,180.8499476,386.2037509,8.5,260.3558136,7.423738216,5212312,0,NONE,14.111,6198,4.394,1.073,1,1,0.6460187202919353,1,0.01965206734417527
9417931,80.34389341,127.5737372,8.5,183.8823388,1.689758247,9417931,1,CANDIDATE,13.574,6098,4.321,1.131,0,1,0.6455136558889376,1,0.011294854456786949
7597226,93.53634817,534.0205352,9.0,183.9083949,1.986867925,7597226,0,NONE,14.443,5701,4.571,0.796,1,1,0.6435402246489466,1,0.023108884334818072
8494617,137.1934294,673.7162248,8.0,183.8872836,1.992640938,8494617,1,CONFIRMED,13.578,5897,4.357,1.081,0,1,0.6413564505558217,1,0.025956044089961012
9764678,93.53837214,399.7409903,10.0,183.908139,2.238609826,9764678,0,NONE,14.162,5115,4.47,0.866,1,1,0.6410730018718648,1,0.019993523708941353
8564420,205.7933329,758.8607553,7.0,183.8454885,8.43254791,8564420,0,NONE,14.483,6060,4.509,0.925,1,1,0.6409562403950566,1,0.027547427380791842
8165946,93.53837214,479.5272054,8.0,183.8664549,2.977705759,8165946,1,CONFIRMED,13.862,6201,4.472,0.989,0,1,0.6407069241910288,1,0.021898109630742103
6664842,131.7999419,545.4336441,8.0,208.3255494,3.308285609,6664842,1,CANDIDATE,14.43,6045,4.469,1.005,0,1,0.6361988808168588,1,0.023354520849291686
9413532,80.35247307,71.57188195,9.0,183.8511836,2.118467166,9413532,0,NONE,12.615,5559,4.496,0.79,1,1,0.6325199971631429,1,0.008460016663695172
10058491,124.4760001,111.1081052,8.0,227.4768927,3.210688243,10058491,0,NONE,13.136,6103,4.496,0.949,1,1,0.6298927019308567,1,0.010540782950046927
4168758,289.4717765,11339.79685,10.0,400.5332017,12.84699781,4168758,0,NONE,13.757,5775,4.393,0.933,1,1,0.6244030113597138,1,0.10648848224103863
1719974,59.70334518,245.3203609,5.0,148.4351191,1.43958104,1719974,0,NONE,12.05,6129,4.468,0.801,1,1,0.6231774431113929,1,0.015662706052914355
3440118,92.85709681,2469.438746,9.5,164.8205445,4.80060985,3440118,1,CONFIRMED,12.624,5839,4.247,1.173,0,1,0.6223155387015905,1,0.049693447716977736
10057494,94.64905133,147.3739938,11.0,137.9977577,3.216490415,10057494,1,CONFIRMED,12.278,6245,4.301,1.24,0,1,0.6184193046340379,1,0.012139769099945847
5095635,58.62696362,243.5889958,9.5,150.0229925,1.600074084,5095635,1,CANDIDATE,14.482,5883,4.53,0.892,0,1,0.6170711414604123,1,0.01560733788318815
2715251,106.4891993,561.7392356,5.5,158.731338,3.363404383,2715251,0,NONE,13.979,6151,4.26,1.215,1,1,0.6132169758225091,1,0.023701038702976712
5084184,61.66856497,164.182847,7.5,136.9815838,2.246913813,5084184,0,NONE,13.424,5988,4.402,0.99,1,1,0.6130903850715692,1,0.012813385462086123
7766199,285.8582063,572.8439133,6.0,163.7678758,5.365799283,7766199,0,NONE,13.288,5747,4.577,0.792,1,1,0.610101707030745,1,0.023934157877393558
10417251,84.70950373,212.1056893,8.0,170.9552375,1.455466811,10417251,0,NONE,13.085,6299,4.279,1.244,1,1,0.609593139234302,1,0.014563848711793184
5807846,247.0636667,430.6658253,11.0,291.0387711,4.985103787,5807846,0,NONE,13.325,6187,4.337,1.126,1,1,0.5991602844135292,1,0.020752489616911028
8520426,137.5517153,448.7016296,8.5,183.8971663,2.372700891,8520426,0,NONE,12.46,5110,4.529,0.803,1,1,0.5985066715360562,1,0.021182578445505636
8052298,84.70950373,539.0264536,9.0,170.9701697,2.398282144,8052298,0,NONE,14.291,5981,4.492,0.957,1,1,0.5976188005001369,1,0.023216943244105153
3543138,93.85786052,699.4895742,5.0,144.6376161,1.856666826,3543138,0,NONE,14.02,5955,4.52,0.91,1,1,0.5961902740151291,1,0.026447865210636568
8559152,83.08798434,398.6540807,10.0,183.9497822,1.707855957,8559152,1,CONFIRMED,13.539,5945,4.196,1.346,0,1,0.5959019458100626,1,0.019966323665111713
9836563,94.977088,103.4275687,6.5,183.8766028,2.041375466,9836563,1,CANDIDATE,12.788,6183,4.428,1.002,0,1,0.5948847910348436,1,0.010169934547478662
6289257,77.17271406,97.78313971,11.5,183.9244215,1.143742858,6289257,1,CONFIRMED,12.797,6108,4.466,1.03,0,1,0.5941314221600932,1,0.009888535771791494
10722020,93.53899473,220.7118087,8.0,183.8664604,2.826121742,10722020,0,NONE,14.014,5724,4.345,1.039,1,1,0.5939064613316317,1,0.01485637266293492
6779260,93.20006516,1257.600354,9.0,166.1432065,2.630996921,6779260,1,CONFIRMED,11.799,5397,4.543,0.831,0,1,0.5900039179798945,1,0.03546266140604791
9098185,102.8956696,185.9182377,7.5,183.8557719,2.552403308,9098185,0,NONE,14.247,6181,4.371,1.031,1,1,0.58978443820473,1,0.013635183816142706
10266195,140.3027082,659.2164956,8.5,183.897724,3.387212403,10266195,0,NONE,14.39,5794,4.578,0.785,1,1,0.5895544238089877,1,0.025675211695329797
9943009,262.0818243,635.0098735,8.0,183.8873761,5.910822671,9943009,1,CANDIDATE,12.66,5927,4.117,1.53,0,1,0.5894183550689587,1,0.02519940224489462
3851162,81.71559289,334.3801,5.0,210.616721,1.028488787,3851162,0,NONE,14.078,5921,4.326,1.157,1,1,0.5865383954000982,1,0.01828606299890712
8301878,68.59650677,412.266204,6.5,183.8559792,1.877619605,8301878,1,CANDIDATE,14.18,5631,4.478,0.901,0,1,0.5819115528395741,1,0.020304339536168125
11355925,79.73104961,207.3229049,10.0,170.8660289,1.749183892,11355925,1,CANDIDATE,14.225,5758,4.277,1.132,0,1,0.581432812391762,1,0.014398711918084894
7524239,68.59650677,509.5592312,10.0,183.9112829,1.411254988,7524239,0,NONE,14.484,6003,4.392,1.067,1,1,0.5805156324582595,1,0.022573418686587993
9521317,93.53368949,160.1853024,9.5,183.9661319,2.823791084,9521317,1,CANDIDATE,12.85,6082,4.455,1.025,0,1,0.5803389591562189,1,0.012656433241636445
5736909,87.85705415,443.7812447,7.5,208.3765125,1.910406819,5736909,0,NONE,13.937,6079,4.09,1.51,1,1,0.5801201795089352,1,0.021066116032624524
6665695,87.48907597,336.2646924,5.5,213.9192701,6.671476527,6665695,1,CONFIRMED,14.005,5207,4.595,0.725,0,1,0.5790527203329633,1,0.018337521435570294
8081187,87.86262177,234.7777961,6.0,208.3103481,2.496848873,8081187,1,CONFIRMED,13.573,6253,4.503,0.927,0,1,0.5759458190423046,1,0.015322460510636012
9088531,283.1161697,255.9073525,11.5,183.9452013,5.790048509,9088531,0,NONE,11.749,6198,4.342,1.132,1,1,0.5741277568224127,1,0.015997104503628148
7335881,84.71006756,255.2875022,7.5,170.946039,1.223768206,7335881,0,NONE,13.445,6183,4.355,1.117,1,1,0.5724039234202453,1,0.015977718929809724
2718136,81.71287256,195.4819078,10.0,210.8042137,2.760989768,2718136,0,NONE,14.352,5489,4.577,0.744,1,1,0.5693609474002379,1,0.013981484463389428
6946708,246.9450165,1049.52047,8.5,183.8978492,7.300088262,6946708,1,CANDIDATE,14.401,5642,4.6,0.747,0,1,0.5685242267583214,1,0.03239630333849836
10189884,82.17765261,198.2099129,5.5,147.6688775,3.481227278,10189884,0,NONE,14.233,6033,4.398,1.026,1,1,0.5684953201575926,1,0.014078704233699918
11666881,127.0662245,495.9295042,5.5,128.5490336,3.964388809,11666881,1,CONFIRMED,13.273,6224,4.279,1.328,0,1,0.5658583226716702,1,0.02226947471764882
6768394,68.5960502,256.1009532,10.0,183.9292335,1.471092918,6768394,1,CONFIRMED,13.959,6200,4.16,1.448,0,1,0.5618486264452822,1,0.01600315447653993
4048898,70.88425406,76.39332075,8.0,189.4977155,0.885274725,4048898,1,CANDIDATE,11.993,5973,4.506,0.935,0,1,0.561695786893904,1,0.008740327267900213
4364882,106.4515492,330.6602,9.0,159.0333735,2.609719858,4364882,0,NONE,14.147,5413,4.656,0.657,1,1,0.5613165965895411,1,0.018184064452151504
8894646,78.58120097,295.8839227,5.0,161.2828745,1.634483382,8894646,1,CANDIDATE,13.845,5839,4.337,1.082,0,1,0.5610963244052837,1,0.01720127677528619
6949061,205.7933329,953.3820178,7.5,183.8561333,10.45883692,6949061,1,CONFIRMED,14.128,6122,4.41,1.047,0,1,0.5601528469378172,1,0.030876884846111015
11017901,93.0767033,648.4347243,14.5,164.9871647,3.181594734,11017901,1,CONFIRMED,12.394,5555,4.44,0.872,0,1,0.5428414424902767,1,0.02546438148276922
10581308,92.44596948,134.4878814,11.0,199.0751203,6.163827396,10581308,1,CANDIDATE,13.766,5458,4.09,1.441,0,1,0.5407449946769048,1,0.011596891023028542
10208470,286.9552712,5381.191344,10.5,188.8766801,12.76405511,10208470,0,NONE,14.371,5185,4.422,0.938,0,0,0.5383206901003368,1,0.07335660395629012
5941160,61.66588804,179.8040289,8.5,137.0233248,1.672365156,5941160,1,CONFIRMED,13.984,6053,4.242,1.277,0,1,0.5328387462944256,1,0.013409102464370984
10360825,127.0598634,1286.98335,5.0,255.6158547,4.271687981,10360825,0,NONE,13.707,5780,4.438,1.0,1,1,0.52321367697709,1,0.035874550171395875
11361646,84.70950373,282.850616,7.0,170.9283888,2.537304363,11361646,1,CONFIRMED,13.928,5973,4.386,1.081,0,1,0.5165949413915172,1,0.016818163276648257
12055539,84.70950373,744.902134,7.5,170.9392654,1.235771091,12055539,1,CONFIRMED,14.411,6075,4.486,0.969,0,1,0.5126198409118881,1,0.02729289530262409
10578148,77.56714586,105.1887425,13.0,130.1853828,4.300988137,10578148,0,NONE,13.219,6131,4.37,1.114,1,1,0.511080896527477,1,0.010256156321936596
7205717,68.5960502,245.4676548,7.0,183.8664351,1.870184899,7205717,1,CANDIDATE,14.01,5834,4.284,1.207,0,1,0.5092410112154026,1,0.01566740740518354
7585207,82.16997127,76.83016277,9.5,147.9250878,1.963000016,7585207,0,NONE,11.593,5237,4.568,0.707,0,0,0.5049577747645236,1,0.008765281670887708
8972058,127.0662245,347.790573,9.0,128.6010386,3.392480218,8972058,1,CONFIRMED,13.431,5977,4.375,1.075,0,1,0.5015715583687627,1,0.018649144028614287
3446746,106.9112374,192.4994689,7.5,153.4662428,1.493958131,3446746,1,CONFIRMED,13.435,5696,4.417,1.001,0,1,0.4930861190151976,0,0.01387441778598295
4742888,56.44330768,200.7866896,7.0,170.9501042,1.837169657,4742888,0,NONE,13.472,6167,4.153,1.492,0,0,0.48837331146667134,0,0.01416992200401964
8081899,93.55897302,174.4245475,10.0,162.5335781,4.64505634,8081899,1,CONFIRMED,13.889,5492,4.576,0.812,0,1,0.4822138864311499,0,0.013206988585593613
6697817,232.0552077,630.9964912,8.5,258.3560378,5.523430531,6697817,1,CANDIDATE,14.322,5993,4.489,0.986,0,1,0.47901892432649723,0,0.02511964353250261
6841696,92.73727512,390.9896727,7.5,166.6274593,6.193751477,6841696,0,NONE,14.092,5941,4.519,0.911,1,1,0.47586567245022904,0,0.0197734587945559
10928043,87.86585151,231.2214055,8.0,208.3035221,3.077587737,10928043,1,CANDIDATE,13.137,6029,4.457,1.049,0,1,0.47088088999545863,0,0.015205966115311451
4546746,70.5292152,248.5903549,8.5,153.1482792,4.182284164,4546746,0,NONE,14.422,5339,4.599,0.758,1,1,0.46910061924242347,0,0.01576674839337522
9967771,72.28375728,313.0851826,8.5,152.8971918,2.750823945,9967771,1,CONFIRMED,14.498,5953,4.485,0.926,0,1,0.46642302997280544,0,0.017694213251795064
9597058,67.71468955,269.2123114,10.0,122.8303539,1.961890948,9597058,1,CONFIRMED,13.576,5408,4.624,0.696,0,1,0.46629610501455687,0,0.016407690617512263
8742834,91.9399806,242.3011103,6.5,183.8563046,3.536977135,8742834,0,NONE,13.809,5981,4.326,1.054,1,1,0.46573386987953086,0,0.015566024229070184
5192450,199.280431,2193.568198,6.5,166.0494295,10.72798491,5192450,0,NONE,13.129,5926,4.519,0.913,0,0,0.46063937274588423,0,0.04683554417320247
5991815,254.1349108,793.7819733,8.5,255.6264889,8.964450895,5991815,0,NONE,14.207,6014,4.33,1.129,0,0,0.4521859668073652,0,0.028174136602565125
7345813,123.4713121,473.6062064,7.5,183.8981465,2.10181645,7345813,0,NONE,14.057,6227,4.457,1.018,0,0,0.45215026309446227,0,0.021762495408385502
6851708,205.7933329,1075.942402,10.0,183.8934809,9.321956258,6851708,0,NONE,13.265,5513,4.611,0.734,0,0,0.447895801047765,0,0.032801560968953904
4263324,235.3338245,1555.390898,5.0,240.6641585,10.21668116,4263324,0,NONE,12.237,5184,4.503,0.81,0,0,0.4362807431517372,0,0.03943844441658418
2301527,124.5050726,475.9581012,9.5,228.0647409,3.073891857,2301527,0,NONE,14.108,5543,4.568,0.813,0,0,0.4303074155637173,0,0.021816463993965658
9395908,93.53837214,235.6113465,10.0,183.9141735,2.276945022,9395908,0,NONE,12.813,5346,4.637,0.682,0,0,0.42717636116201674,0,0.01534963668951158
5341188,94.0177008,2186.242641,5.0,161.8254911,5.879894391,5341188,0,NONE,13.717,5505,4.495,0.816,0,0,0.42424418326167546,0,0.046757273669451684
11904011,87.52265374,563.3573268,11.0,181.3724835,2.430078584,11904011,0,NONE,13.145,6295,4.366,1.056,0,0,0.422388554292166,0,0.023735149605595498
8493800,89.16167255,104.8951446,5.5,202.0494347,2.806198575,8493800,0,NONE,10.695,6241,4.196,1.49,0,0,0.42110570816191417,0,0.010241833068352559
6304294,92.74090504,332.6256179,5.0,166.5745623,2.787896888,6304294,0,NONE,13.894,5865,4.24,1.179,0,0,0.4158844473733044,0,0.018238026699728235
9329967,61.84019305,74.65378497,5.5,135.5497659,4.238672428,9329967,0,NONE,13.351,6174,4.337,1.144,0,0,0.41182067772187886,0,0.008640242182369659
11125992,108.2913835,112.1993986,8.5,151.570478,4.182408746,11125992,0,NONE,13.277,5762,4.026,1.627,0,0,0.4085576885895753,0,0.010592421753310242
6381240,127.0598634,312.8078108,9.0,255.6995867,4.595508521,6381240,0,NONE,14.289,5891,4.257,1.22,1,1,0.40800213818270537,0,0.017686373590988062
9519376,274.8742228,3550.83222,7.0,183.8665351,5.930638761,9519376,0,NONE,13.885,6047,4.264,1.195,0,0,0.40776109818751893,0,0.05958885986491099
8826303,93.53899473,206.9132871,9.0,183.8897664,3.18230712,8826303,0,NONE,13.869,6295,4.401,1.08,0,0,0.40700847129548523,0,0.014384480772693883
6107308,61.83317848,69.51770197,11.0,135.7270097,1.528742254,6107308,0,NONE,13.424,6100,4.17,1.421,0,0,0.4010532397860178,0,0.008337727626278038
12053194,82.18121913,165.8981076,10.0,147.768265,2.554213491,12053194,0,NONE,13.204,5903,4.546,0.864,0,0,0.4005760470591067,0,0.012880143927767268
8171971,72.46341049,99.41338386,12.0,186.8305009,2.356518986,8171971,0,NONE,13.593,5865,4.518,0.918,0,0,0.3967299150010563,0,0.009970626051557645
10006971,285.7558905,965.6811197,8.5,383.2934909,6.581437533,10006971,0,NONE,13.22,5823,4.042,1.586,0,0,0.3955649464374154,0,0.031075410209681867
8607778,263.3967115,299.3605874,10.5,209.3773442,6.002019747,8607778,0,NONE,14.103,5970,4.521,0.908,0,0,0.38960143461719465,0,0.017302039977991034
5033073,84.71006756,286.0997083,7.5,170.9392114,2.56520018,5033073,0,NONE,13.681,6106,4.46,1.005,0,0,0.38353413809841186,0,0.016914482206086
11803247,61.63051193,444.0791035,6.5,168.2935881,3.460041352,11803247,0,NONE,14.084,5925,4.476,0.865,0,0,0.379483253299853,0,0.02107318446509687
6374248,231.7766927,554.1763264,9.0,259.7614217,5.447665895,6374248,0,NONE,13.868,6091,4.227,1.334,0,0,0.37883020208640145,0,0.02354094998932711
4545738,92.76698834,215.7193636,6.0,166.4503859,5.159886035,4545738,0,NONE,13.907,5534,4.548,0.839,1,1,0.37382807081035063,0,0.014687387909359513
8041825,75.9008154,191.4005541,8.0,204.1995073,2.562427719,8041825,0,NONE,14.147,5981,4.452,1.022,0,0,0.3733830106739723,0,0.013834758910078628
7213876,92.19605339,311.3577666,6.5,169.3141729,4.7202289,7213876,0,NONE,10.976,5780,4.438,1.0,1,1,0.37130549932018303,0,0.017645332714346873
9076990,96.67277844,261.4167,6.0,183.8459054,2.400911849,9076990,0,NONE,14.296,5571,4.549,0.779,0,0,0.36819734875049226,0,0.01616838581924615
6842313,232.4039229,712.1516711,5.5,165.4607748,7.749604437,6842313,0,NONE,14.12,5662,4.367,1.03,0,0,0.3675202171047943,0,0.026686170034308034
4845295,278.5271995,896.7358109,5.5,260.0018994,7.567250531,4845295,0,NONE,14.122,5984,4.521,0.906,0,0,0.3516697409884206,0,0.02994554743029421
11908749,92.75708311,585.7706632,5.5,166.5017442,4.074019704,11908749,0,NONE,13.66,5632,4.616,0.721,0,0,0.35145257314715483,0,0.024202699502328246
3847642,71.83418026,174.8061747,7.0,188.5126248,3.388666269,3847642,0,NONE,13.532,5681,4.496,0.851,0,0,0.3470689302698784,0,0.013221428617967122
4543158,139.0737357,145.8039514,7.0,153.497979,1.867681501,4543158,0,NONE,12.213,6008,4.266,1.17,0,0,0.34697893317914924,0,0.012074930699594097
6305665,62.47206195,252.5202365,8.5,164.7932926,1.102550818,6305665,0,NONE,13.747,6029,4.131,1.411,0,0,0.3452252947516405,0,0.015890885327759435
11766750,92.50026533,386.3795009,6.0,138.7618688,2.920964422,11766750,0,NONE,14.211,5432,4.42,0.913,0,0,0.34395810830710044,0,0.01965653837530912
9535182,92.09071834,328.1806011,5.5,169.8348905,6.247639398,9535182,0,NONE,13.96,5609,4.599,0.755,0,0,0.34131279817518595,0,0.018115755603893533
11017397,135.6310883,184.78627,8.5,223.4455169,3.962576662,11017397,0,NONE,13.485,6067,4.322,1.12,0,0,0.34068904924489973,0,0.013593611367109184
5698009,58.80268353,323.5391563,7.0,183.8251213,1.536823886,5698009,0,NONE,14.429,5895,4.329,1.146,0,0,0.33899800057517854,0,0.017987194230896602
2574376,89.5316074,221.471936,7.5,204.2371844,0.938662789,2574376,0,NONE,12.956,5600,4.55,0.723,0,0,0.33085134923387416,0,0.014881933207752277
8481242,92.75243934,240.1554741,6.0,166.5126835,7.260033161,8481242,0,NONE,14.372,5841,4.52,0.931,0,0,0.33015032963202956,0,0.015496950477432648
10745115,61.84060465,199.1688779,5.0,134.4135346,1.515126835,10745115,0,NONE,12.36,6160,4.341,1.103,0,0,0.3293874717008891,0,0.01411272042874796
5559280,93.28997337,378.4162912,8.5,166.2157339,6.462019698,5559280,0,NONE,12.509,4999,4.514,0.801,0,0,0.32782249990534457,0,0.01945292500371088
4939472,60.28179784,281.5809783,9.0,139.8455483,2.034670466,4939472,0,NONE,14.477,5278,4.593,0.775,0,0,0.32559074070826505,0,0.016780374796171865
8115701,87.86585151,694.2383281,8.0,384.0436121,1.422233149,8115701,0,NONE,14.329,6106,4.408,1.11,0,0,0.32473029407821985,0,0.026348402761837385
10322913,78.51437428,139.6080255,13.0,162.4917494,3.163899693,10322913,0,NONE,14.332,5700,4.325,1.04,0,0,0.324593750442792,0,0.011815584010111391
3953177,82.79576377,238.2995743,9.5,194.5021676,2.579175234,3953177,0,NONE,14.434,5973,4.562,0.826,0,0,0.3231834795863902,0,0.015436954826001143
2716664,71.83729859,293.3257445,8.0,188.5334017,2.404845728,2716664,0,NONE,13.891,6284,4.194,1.448,0,0,0.32242174329240525,0,0.017126755223917926
1849415,92.17432824,248.8122831,12.5,168.2792574,7.331023449,1849415,0,NONE,12.637,6198,4.039,1.624,0,0,0.3219147624567835,0,0.015773784679017272
11495513,86.84520008,104.6896595,14.5,184.6954696,1.652059178,11495513,0,NONE,12.861,6192,4.232,1.2,0,0,0.31901168420772313,0,0.010231796494262384
2991562,74.52296626,256.3106077,10.0,169.5750828,2.884597185,2991562,0,NONE,12.273,5843,4.121,1.449,0,0,0.31805770266988026,0,0.016009703548161034
3557114,288.8757091,1130.761445,8.0,260.3873748,10.15928497,3557114,0,NONE,14.001,5762,4.423,0.874,0,0,0.3147303681841686,0,0.033626796531932686
9703633,93.53899473,476.6289724,7.5,183.8769143,1.779060046,9703633,0,NONE,14.491,6194,4.457,1.02,0,0,0.31402422885266357,0,0.02183183392205062
5938255,91.01582834,476.896365,10.0,189.4504927,3.969686874,5938255,0,NONE,14.374,6025,4.42,1.019,0,0,0.3128275190482848,0,0.021837956978618674
5396984,113.578148,373.2907801,7.0,163.3452481,3.167700744,5396984,0,NONE,14.238,5708,4.389,0.962,0,0,0.31256057727809566,0,0.019320734460677214
10385248,82.22427577,258.9034852,8.5,210.7314266,3.373139996,10385248,0,NONE,13.957,5130,4.645,0.619,0,0,0.3117512887254837,0,0.016090478091094745
5894197,254.1332187,489.9140818,10.0,255.6787797,11.1699231,5894197,0,NONE,12.787,5528,4.487,0.825,0,0,0.30938660232616555,0,0.02213400284178169
8315266,91.8228827,136.0858731,6.0,171.1785983,2.99053522,8315266,0,NONE,13.829,6031,4.085,1.43,0,0,0.30773100737755027,0,0.01166558498747491
8523328,84.70950373,274.3560234,11.5,171.0221152,1.878335039,8523328,0,NONE,13.588,5609,4.379,1.01,0,0,0.3045724445533969,0,0.016563695946255477
4176763,223.9918966,685.1249364,6.0,182.3039184,7.177718282,4176763,0,NONE,14.319,5318,4.642,0.676,0,0,0.3042699668498146,0,0.026174891335017995
2445665,118.7863875,218.8021582,8.5,141.5912922,4.452471441,2445665,0,NONE,12.792,5396,4.607,0.717,0,0,0.30171714487001017,0,0.014791962621640172
11658776,127.9993378,544.8655155,6.5,246.2725216,4.590629215,11658776,0,NONE,13.872,5883,4.292,1.125,0,0,0.30078691590778617,0,0.023342354540619933
8751783,80.30182183,1487.600561,13.0,201.1581209,3.929474076,8751783,0,NONE,13.375,5933,4.157,1.337,0,0,0.299869181760098,0,0.03856942520961389
6208985,77.17220041,445.2790819,8.0,183.8665194,1.734855199,6208985,0,NONE,14.266,5098,4.509,0.803,0,0,0.29610090109511983,0,0.021101636948350714
4383803,180.9060562,1105.711289,9.0,259.9763458,11.24574408,4383803,0,NONE,11.95,5770,4.472,0.855,0,0,0.29598606342602035,0,0.033252237353297
3854725,108.4853622,342.3077145,8.5,196.3979056,1.346944228,3854725,0,NONE,14.309,6289,4.407,1.118,0,0,0.2950129868553753,0,0.018501559785596457
2441876,267.9776899,433.9352206,8.5,260.3830225,10.64073277,2441876,0,NONE,12.798,6127,4.337,1.07,0,0,0.2940875946336672,0,0.020831111842626163
8265428,79.73557197,330.4646092,9.0,170.8091557,2.567937065,8265428,0,NONE,12.761,6297,4.341,1.12,0,0,0.2926427304053984,0,0.018178685574045225
4831185,62.38852757,377.2608488,13.0,162.2267635,2.665508726,4831185,0,NONE,10.251,5906,4.173,1.275,0,0,0.292415912151958,0,0.019423203875777034
5096839,246.3451168,625.66168,8.5,230.1271347,11.47405132,5096839,0,NONE,14.107,6131,4.497,0.945,0,0,0.2917068125858661,0,0.025013230099289456
6853029,68.5960502,329.0611094,9.0,183.9084153,1.944697784,6853029,0,NONE,13.562,6258,4.449,1.031,0,0,0.29111353847008353,0,0.018140041604141927
7708458,84.70950373,307.7981232,8.5,170.9655823,3.001269426,7708458,0,NONE,12.943,5891,4.424,0.976,0,0,0.28975286051572663,0,0.01754417633290318
7352971,68.5960502,395.4841312,9.5,183.9187994,1.814521959,7352971,0,NONE,14.235,6099,4.444,0.954,0,0,0.28665686756080017,0,0.01988678282679227
10252901,135.7382969,271.6268149,15.0,265.8669031,6.407680545,10252901,0,NONE,13.764,5691,4.515,0.923,0,0,0.2848434532991618,0,0.016481104783963967
9003423,60.66939617,244.1240613,6.0,189.4502262,1.767178568,9003423,0,NONE,14.463,6215,4.413,1.03,0,0,0.2844675890620731,0,0.015624469952609592
8360304,140.2947506,1019.526443,10.0,184.0182855,3.224649117,8360304,0,NONE,13.228,5543,4.568,0.813,0,0,0.2834812833921357,0,0.03193002416222074
9957525,77.77471553,1357.920123,8.5,165.7724093,3.225120619,9957525,0,NONE,14.148,5771,4.562,0.825,0,0,0.28009298662575205,0,0.036849967747611394
11359056,61.17081696,209.0134245,9.5,180.569795,0.876801617,11359056,0,NONE,12.351,6137,4.2,1.307,0,0,0.2792557056205481,0,0.014457296583386537
6047482,75.9008154,178.084681,7.5,204.189426,0.812880045,6047482,0,NONE,13.905,5750,4.538,0.882,0,0,0.278978061850941,0,0.013344837241420368
8572665,285.2585609,777.3932728,7.0,164.9911195,6.084793215,8572665,0,NONE,14.354,6217,4.434,1.041,0,0,0.2777348959805476,0,0.027881773128694665
12215240,93.5702097,379.3101129,9.0,162.4909126,1.633008879,12215240,0,NONE,14.158,5102,4.553,0.733,0,0,0.27692052879792883,0,0.019475885420180517
11196226,240.769283,1086.062936,5.0,282.3303039,5.148916324,11196226,0,NONE,12.581,6290,4.269,1.231,0,0,0.275732294315775,0,0.03295546898467688
7763491,93.54898346,306.8530123,5.0,161.4554334,1.484808533,7763491,0,NONE,13.169,6068,4.327,1.071,0,0,0.2750293969471748,0,0.017517220450174165
10002867,138.4990982,1182.108315,7.5,183.8769449,2.28585392,10002867,0,NONE,14.28,6160,4.378,1.048,0,0,0.2739040071965667,0,0.034381802090640914
6188427,61.65218631,109.6196006,5.0,198.661573,0.407903727,6188427,0,NONE,13.862,5885,4.058,1.566,0,0,0.27349376302485207,0,0.01046993794632996
7204360,123.4783154,436.1180937,6.5,183.7935429,4.544408893,7204360,0,NONE,14.465,6137,4.46,1.018,0,0,0.27309146117162975,0,0.020883440657611954
6422390,92.7933001,150.5008252,6.0,166.310487,3.983262108,6422390,0,NONE,12.299,5960,4.1,1.459,0,0,0.272178078453962,0,0.012267877778980358
6141529,142.7257023,241.8268971,9.0,241.7887393,4.921505481,6141529,0,NONE,13.191,5571,4.39,0.94,0,0,0.27069657109435724,0,0.015550784452882112
11453791,89.71909719,181.873251,9.0,180.5328809,4.731089806,11453791,0,NONE,13.687,5985,4.462,0.961,0,0,0.26637416860580876,0,0.013486039114580678
6187121,92.39662409,178.8553736,10.5,167.8833025,5.403652783,6187121,0,NONE,13.48,6299,4.251,1.21,0,0,0.2631748060377304,0,0.01337368212572738
10190481,247.0026923,688.6825948,7.0,291.2626059,4.967782115,10190481,0,NONE,14.19,5955,4.534,0.883,0,0,0.26280831090869883,0,0.02624276271279379
12457730,87.48849387,312.6300926,9.0,213.9911945,3.058733254,12457730,0,NONE,14.227,6180,4.453,1.006,0,0,0.26186807800652123,0,0.017681348721180747
5364578,137.1943426,1005.115372,7.5,183.8770314,2.452961723,5364578,0,NONE,14.331,6119,4.497,0.938,0,0,0.26182112901294363,0,0.031703554564117886
3859406,92.38368525,645.3662749,6.5,169.8769941,5.045025545,3859406,0,NONE,14.075,6086,4.354,1.187,0,0,0.25924423983008377,0,0.025404060205014473
7904473,205.7830306,464.8146225,7.0,183.8870129,5.907780843,7904473,0,NONE,13.94,5716,4.309,1.054,0,0,0.2588426411682019,0,0.021559559886509743
11953957,92.76637066,159.7981342,6.5,166.4453823,5.082130866,11953957,0,NONE,11.978,5598,4.552,0.849,0,0,0.25860743231462174,0,0.012641128675873843
7116234,68.5960502,434.9560578,7.0,183.8665835,1.805098626,7116234,0,NONE,14.388,5679,4.584,0.778,0,0,0.2581440973792458,0,0.02085560015439498
8540081,78.70215622,334.9750462,9.5,134.3625421,4.946193218,8540081,0,NONE,13.574,5676,4.382,1.012,0,0,0.25147912974711434,0,0.018302323519160075
11139692,92.7933001,380.8586884,9.5,166.2515529,6.031678429,11139692,0,NONE,14.032,4979,4.568,0.715,0,0,0.24687395635973608,0,0.0195156011539486
3735720,68.51096494,1022.039197,11.5,183.8832272,1.420341555,3735720,0,NONE,13.334,4858,4.564,0.726,0,0,0.24124735168350916,0,0.031969347772514846
11760235,78.70662022,626.6662406,7.0,134.2412546,0.742614441,11760235,0,NONE,14.206,5911,4.519,0.914,0,0,0.23470545494579542,0,0.025033302630695774
9705496,140.3097323,804.8649774,8.5,183.8768602,4.564002471,9705496,0,NONE,14.263,5003,4.534,0.827,0,0,0.23236577839710057,0,0.02837014235776761
7256715,287.4843637,808.0856556,6.5,188.9192424,10.34793275,7256715,0,NONE,14.422,6089,4.464,0.961,0,0,0.23215571011860972,0,0.02842684744392174
9052348,84.70950373,1153.341942,8.0,170.9491532,3.05290634,9052348,0,NONE,14.347,5010,4.545,0.75,0,0,0.22691051994439768,0,0.03396088841594106
7610110,77.17220041,346.1288645,7.0,183.8664639,1.703633947,7610110,0,NONE,14.104,5585,4.338,1.05,0,0,0.22566302404574737,0,0.01860453881449363
5944707,92.58547838,244.0567307,14.0,167.4919634,5.206046121,5944707,0,NONE,14.317,5170,4.623,0.704,0,0,0.22338086441508945,0,0.015622315151730872
6949198,77.17220041,280.9596437,9.5,183.8977975,1.758006792,6949198,0,NONE,13.974,5959,4.549,0.856,0,0,0.22117180147607268,0,0.016761850843507706
12067363,96.67761825,616.1331942,7.0,183.8451295,1.279461619,12067363,0,NONE,14.459,6103,4.496,0.949,0,0,0.22025707249823712,0,0.024822030420575996
8360415,88.72722891,1201.03567,9.0,183.9498935,3.489277195,8360415,0,NONE,14.027,5134,4.56,0.721,0,0,0.2157839519642015,0,0.034655961536220574
10924064,240.7596697,1354.052517,7.0,282.3869465,5.67958127,10924064,0,NONE,13.705,5055,4.591,0.785,0,0,0.21009379892129978,0,0.036797452588460525
8888956,93.53837214,296.9985907,7.0,183.8513757,1.48900723,8888956,0,NONE,13.29,6038,4.089,1.652,0,0,0.20327514274347544,0,0.017233647051625493
8263104,127.0662245,854.7165032,9.5,255.7304473,5.015163166,8263104,0,NONE,14.291,5750,4.431,0.906,0,0,0.20189751601600062,0,0.0292355349395218
8648352,84.72024104,925.8114485,6.5,170.7545842,1.496470368,8648352,0,NONE,13.93,5684,4.027,1.604,0,0,0.1990941194602817,0,0.03042714985830911
6372346,231.7310895,1042.60492,7.5,259.9601728,5.661185741,6372346,0,NONE,14.427,5525,4.478,0.82,0,0,0.19729530385828095,0,0.0322893933049229
7044893,96.12056495,917.2326192,7.0,183.866307,0.85082815,7044893,0,NONE,14.226,5945,4.562,0.797,0,0,0.10376178024189606,0,0.030285848497276745
